id node1;id node2;name node1;name node2;parent id node1;parent id node2;parent name node1;parent name node2;edge confidence;edge weight(med flm)
127;504;rh.caudalmiddlefrontal_11;Right-Putamen;9;37;ctx-rh-caudalmiddlefrontal;Right-Putamen;411;22.239342
127;145;rh.caudalmiddlefrontal_11;rh.precentral_19;9;10;ctx-rh-caudalmiddlefrontal;ctx-rh-precentral;294;18.400002
127;131;rh.caudalmiddlefrontal_11;rh.caudalmiddlefrontal_6;9;9;ctx-rh-caudalmiddlefrontal;ctx-rh-caudalmiddlefrontal;327;18.400001
127;494;rh.caudalmiddlefrontal_11;rh.insula_10;9;34;ctx-rh-caudalmiddlefrontal;ctx-rh-insula;328;17.400008
127;505;rh.caudalmiddlefrontal_11;Right-Pallidum;9;38;ctx-rh-caudalmiddlefrontal;Right-Pallidum;264;31.949999
127;503;rh.caudalmiddlefrontal_11;Right-Caudate;9;36;ctx-rh-caudalmiddlefrontal;Right-Caudate;406;16.949566
71;82;rh.rostralmiddlefrontal_13;rh.superiorfrontal_14;7;8;ctx-rh-rostralmiddlefrontal;ctx-rh-superiorfrontal;267;13.400002
959;1013;lh.bankssts_4;Left-Hippocampus;72;81;ctx-lh-bankssts;Left-Hippocampus;356;31.565182
560;566;lh.rostralmiddlefrontal_13;lh.rostralmiddlefrontal_4;48;48;ctx-lh-rostralmiddlefrontal;ctx-lh-rostralmiddlefrontal;267;14.885714
580;1010;lh.rostralmiddlefrontal_3;Left-Putamen;48;78;ctx-lh-rostralmiddlefrontal;Left-Putamen;345;44.074083
194;503;rh.posteriorcingulate_5;Right-Caudate;14;36;ctx-rh-posteriorcingulate;Right-Caudate;363;12.233332
517;580;lh.lateralorbitofrontal_10;lh.rostralmiddlefrontal_3;42;48;ctx-lh-lateralorbitofrontal;ctx-lh-rostralmiddlefrontal;273;30.808334
517;522;lh.lateralorbitofrontal_10;lh.lateralorbitofrontal_5;42;42;ctx-lh-lateralorbitofrontal;ctx-lh-lateralorbitofrontal;269;21.699999
517;578;lh.lateralorbitofrontal_10;lh.rostralmiddlefrontal_7;42;48;ctx-lh-lateralorbitofrontal;ctx-lh-rostralmiddlefrontal;275;26.055557
517;1010;lh.lateralorbitofrontal_10;Left-Putamen;42;78;ctx-lh-lateralorbitofrontal;Left-Putamen;396;16.809091
517;523;lh.lateralorbitofrontal_10;lh.lateralorbitofrontal_1;42;42;ctx-lh-lateralorbitofrontal;ctx-lh-lateralorbitofrontal;283;27.700014
517;521;lh.lateralorbitofrontal_10;lh.lateralorbitofrontal_8;42;42;ctx-lh-lateralorbitofrontal;ctx-lh-lateralorbitofrontal;332;13.955002
454;507;rh.bankssts_2;Right-Hippocampus;31;40;ctx-rh-bankssts;Right-Hippocampus;317;24.400003
634;1010;lh.caudalmiddlefrontal_3;Left-Putamen;50;78;ctx-lh-caudalmiddlefrontal;Left-Putamen;290;27.892305
634;637;lh.caudalmiddlefrontal_3;lh.caudalmiddlefrontal_4;50;50;ctx-lh-caudalmiddlefrontal;ctx-lh-caudalmiddlefrontal;323;13.559999
578;1010;lh.rostralmiddlefrontal_7;Left-Putamen;48;78;ctx-lh-rostralmiddlefrontal;Left-Putamen;336;41.087879
695;1010;lh.caudalanteriorcingulate_1;Left-Putamen;54;78;ctx-lh-caudalanteriorcingulate;Left-Putamen;254;26.893335
695;1009;lh.caudalanteriorcingulate_1;Left-Caudate;54;77;ctx-lh-caudalanteriorcingulate;Left-Caudate;367;13.266667
29;504;rh.medialorbitofrontal_8;Right-Putamen;4;37;ctx-rh-medialorbitofrontal;Right-Putamen;275;23.799998
29;503;rh.medialorbitofrontal_8;Right-Caudate;4;36;ctx-rh-medialorbitofrontal;Right-Caudate;354;14.985708
675;738;lh.precentral_28;lh.postcentral_10;51;57;ctx-lh-precentral;ctx-lh-postcentral;256;12.156667
226;504;rh.postcentral_14;Right-Putamen;16;37;ctx-rh-postcentral;Right-Putamen;274;44.145003
58;60;rh.rostralmiddlefrontal_20;rh.rostralmiddlefrontal_18;7;7;ctx-rh-rostralmiddlefrontal;ctx-rh-rostralmiddlefrontal;256;14.106667
153;504;rh.precentral_32;Right-Putamen;10;37;ctx-rh-precentral;Right-Putamen;301;36.679993
129;504;rh.caudalmiddlefrontal_1;Right-Putamen;9;37;ctx-rh-caudalmiddlefrontal;Right-Putamen;327;26.385718
129;131;rh.caudalmiddlefrontal_1;rh.caudalmiddlefrontal_6;9;9;ctx-rh-caudalmiddlefrontal;ctx-rh-caudalmiddlefrontal;343;13.933332
548;553;lh.parsopercularis_6;lh.parsopercularis_4;47;47;ctx-lh-parsopercularis;ctx-lh-parsopercularis;321;12.949993
548;555;lh.parsopercularis_6;lh.parsopercularis_3;47;47;ctx-lh-parsopercularis;ctx-lh-parsopercularis;271;12.479995
495;504;rh.insula_1;Right-Putamen;34;37;ctx-rh-insula;Right-Putamen;411;15.655553
966;1013;lh.superiortemporal_18;Left-Hippocampus;73;81;ctx-lh-superiortemporal;Left-Hippocampus;366;21.889612
966;994;lh.superiortemporal_18;lh.insula_12;73;75;ctx-lh-superiortemporal;ctx-lh-insula;254;15.600005
992;1010;lh.insula_2;Left-Putamen;75;78;ctx-lh-insula;Left-Putamen;354;17.280001
662;1010;lh.precentral_25;Left-Putamen;51;78;ctx-lh-precentral;Left-Putamen;325;30.999997
662;1009;lh.precentral_25;Left-Caudate;51;77;ctx-lh-precentral;Left-Caudate;291;25.799997
706;1008;lh.posteriorcingulate_1;Left-Thalamus-Proper;55;76;ctx-lh-posteriorcingulate;Left-Thalamus-Proper;259;19.973330
706;1009;lh.posteriorcingulate_1;Left-Caudate;55;77;ctx-lh-posteriorcingulate;Left-Caudate;350;13.783217
14;504;rh.lateralorbitofrontal_3;Right-Putamen;1;37;ctx-rh-lateralorbitofrontal;Right-Putamen;386;29.210001
145;504;rh.precentral_19;Right-Putamen;10;37;ctx-rh-precentral;Right-Putamen;395;32.500000
145;487;rh.precentral_19;rh.insula_13;10;34;ctx-rh-precentral;ctx-rh-insula;311;17.666662
145;159;rh.precentral_19;rh.precentral_7;10;10;ctx-rh-precentral;ctx-rh-precentral;340;17.649997
145;488;rh.precentral_19;rh.insula_6;10;34;ctx-rh-precentral;ctx-rh-insula;299;21.766665
145;158;rh.precentral_19;rh.precentral_27;10;10;ctx-rh-precentral;ctx-rh-precentral;263;16.566669
124;127;rh.caudalmiddlefrontal_3;rh.caudalmiddlefrontal_11;9;9;ctx-rh-caudalmiddlefrontal;ctx-rh-caudalmiddlefrontal;314;17.287136
124;504;rh.caudalmiddlefrontal_3;Right-Putamen;9;37;ctx-rh-caudalmiddlefrontal;Right-Putamen;261;36.416003
124;128;rh.caudalmiddlefrontal_3;rh.caudalmiddlefrontal_10;9;9;ctx-rh-caudalmiddlefrontal;ctx-rh-caudalmiddlefrontal;273;13.474999
993;1010;lh.insula_16;Left-Putamen;75;78;ctx-lh-insula;Left-Putamen;350;13.708334
993;1008;lh.insula_16;Left-Thalamus-Proper;75;76;ctx-lh-insula;Left-Thalamus-Proper;300;13.000000
486;503;rh.insula_16;Right-Caudate;34;36;ctx-rh-insula;Right-Caudate;277;14.200005
486;504;rh.insula_16;Right-Putamen;34;37;ctx-rh-insula;Right-Putamen;407;16.085717
486;502;rh.insula_16;Right-Thalamus-Proper;34;35;ctx-rh-insula;Right-Thalamus-Proper;323;13.400001
509;1010;lh.lateralorbitofrontal_9;Left-Putamen;42;78;ctx-lh-lateralorbitofrontal;Left-Putamen;278;13.400000
1015;1015;Brain-Stem;Brain-Stem;83;83;Brain-Stem;Brain-Stem;335;11.700005
976;1013;lh.superiortemporal_8;Left-Hippocampus;73;81;ctx-lh-superiortemporal;Left-Hippocampus;274;14.689996
8;504;rh.lateralorbitofrontal_17;Right-Putamen;1;37;ctx-rh-lateralorbitofrontal;Right-Putamen;256;14.712500
98;102;rh.superiorfrontal_25;rh.superiorfrontal_5;8;8;ctx-rh-superiorfrontal;ctx-rh-superiorfrontal;322;14.433335
98;103;rh.superiorfrontal_25;rh.superiorfrontal_22;8;8;ctx-rh-superiorfrontal;ctx-rh-superiorfrontal;336;13.216668
1000;1013;lh.insula_13;Left-Hippocampus;75;81;ctx-lh-insula;Left-Hippocampus;269;13.440002
1000;1014;lh.insula_13;Left-Amygdala;75;82;ctx-lh-insula;Left-Amygdala;321;11.800004
778;826;lh.superiorparietal_10;lh.precuneus_12;59;61;ctx-lh-superiorparietal;ctx-lh-precuneus;259;19.266665
523;1010;lh.lateralorbitofrontal_1;Left-Putamen;42;78;ctx-lh-lateralorbitofrontal;Left-Putamen;375;37.428583
523;545;lh.lateralorbitofrontal_1;lh.parstriangularis_6;42;46;ctx-lh-lateralorbitofrontal;ctx-lh-parstriangularis;291;29.466670
523;1009;lh.lateralorbitofrontal_1;Left-Caudate;42;77;ctx-lh-lateralorbitofrontal;Left-Caudate;260;32.325005
193;503;rh.posteriorcingulate_2;Right-Caudate;14;36;ctx-rh-posteriorcingulate;Right-Caudate;281;13.733332
460;490;rh.superiortemporal_14;rh.insula_5;32;34;ctx-rh-superiortemporal;ctx-rh-insula;265;15.099995
460;507;rh.superiortemporal_14;Right-Hippocampus;32;40;ctx-rh-superiortemporal;Right-Hippocampus;362;25.000011
723;1008;lh.postcentral_21;Left-Thalamus-Proper;57;76;ctx-lh-postcentral;Left-Thalamus-Proper;269;33.533340
723;1010;lh.postcentral_21;Left-Putamen;57;78;ctx-lh-postcentral;Left-Putamen;337;39.405267
180;504;rh.rostralanteriorcingulate_2;Right-Putamen;12;37;ctx-rh-rostralanteriorcingulate;Right-Putamen;303;24.600002
180;503;rh.rostralanteriorcingulate_2;Right-Caudate;12;36;ctx-rh-rostralanteriorcingulate;Right-Caudate;414;13.236508
637;1010;lh.caudalmiddlefrontal_4;Left-Putamen;50;78;ctx-lh-caudalmiddlefrontal;Left-Putamen;339;34.000000
637;641;lh.caudalmiddlefrontal_4;lh.caudalmiddlefrontal_10;50;50;ctx-lh-caudalmiddlefrontal;ctx-lh-caudalmiddlefrontal;294;14.851515
637;1009;lh.caudalmiddlefrontal_4;Left-Caudate;50;77;ctx-lh-caudalmiddlefrontal;Left-Caudate;346;24.319997
999;1013;lh.insula_9;Left-Hippocampus;75;81;ctx-lh-insula;Left-Hippocampus;290;13.325003
690;1010;lh.rostralanteriorcingulate_3;Left-Putamen;53;78;ctx-lh-rostralanteriorcingulate;Left-Putamen;364;33.846116
690;1009;lh.rostralanteriorcingulate_3;Left-Caudate;53;77;ctx-lh-rostralanteriorcingulate;Left-Caudate;336;24.266674
488;504;rh.insula_6;Right-Putamen;34;37;ctx-rh-insula;Right-Putamen;377;14.200001
61;70;rh.rostralmiddlefrontal_7;rh.rostralmiddlefrontal_2;7;7;ctx-rh-rostralmiddlefrontal;ctx-rh-rostralmiddlefrontal;294;14.187497
1012;1013;Left-Accumbens-area;Left-Hippocampus;80;81;Left-Accumbens-area;Left-Hippocampus;313;25.211765
1012;1015;Left-Accumbens-area;Brain-Stem;80;83;Left-Accumbens-area;Brain-Stem;289;27.950000
189;503;rh.caudalanteriorcingulate_5;Right-Caudate;13;36;ctx-rh-caudalanteriorcingulate;Right-Caudate;400;12.155000
452;507;rh.bankssts_3;Right-Hippocampus;31;40;ctx-rh-bankssts;Right-Hippocampus;255;18.400007
341;359;rh.pericalcarine_1;rh.lateraloccipital_3;22;23;ctx-rh-pericalcarine;ctx-rh-lateraloccipital;285;14.850005
107;110;rh.superiorfrontal_42;rh.superiorfrontal_33;8;8;ctx-rh-superiorfrontal;ctx-rh-superiorfrontal;303;15.000001
107;111;rh.superiorfrontal_42;rh.superiorfrontal_28;8;8;ctx-rh-superiorfrontal;ctx-rh-superiorfrontal;320;13.000007
77;504;rh.rostralmiddlefrontal_1;Right-Putamen;7;37;ctx-rh-rostralmiddlefrontal;Right-Putamen;256;44.600000
417;508;rh.inferiortemporal_16;Right-Amygdala;29;41;ctx-rh-inferiortemporal;Right-Amygdala;336;12.759994
417;498;rh.inferiortemporal_16;rh.insula_3;29;34;ctx-rh-inferiortemporal;ctx-rh-insula;278;23.233329
12;504;rh.lateralorbitofrontal_12;Right-Putamen;1;37;ctx-rh-lateralorbitofrontal;Right-Putamen;383;22.880002
507;508;Right-Hippocampus;Right-Amygdala;40;41;Right-Hippocampus;Right-Amygdala;347;17.333331
507;1015;Right-Hippocampus;Brain-Stem;40;83;Right-Hippocampus;Brain-Stem;265;12.699999
507;507;Right-Hippocampus;Right-Hippocampus;40;40;Right-Hippocampus;Right-Hippocampus;417;16.020000
573;1010;lh.rostralmiddlefrontal_23;Left-Putamen;48;78;ctx-lh-rostralmiddlefrontal;Left-Putamen;333;40.333344
237;504;rh.supramarginal_11;Right-Putamen;17;37;ctx-rh-supramarginal;Right-Putamen;266;38.528190
567;578;lh.rostralmiddlefrontal_26;lh.rostralmiddlefrontal_7;48;48;ctx-lh-rostralmiddlefrontal;ctx-lh-rostralmiddlefrontal;299;27.570001
567;573;lh.rostralmiddlefrontal_26;lh.rostralmiddlefrontal_23;48;48;ctx-lh-rostralmiddlefrontal;ctx-lh-rostralmiddlefrontal;314;20.461908
506;1015;Right-Accumbens-area;Brain-Stem;39;83;Right-Accumbens-area;Brain-Stem;299;28.399992
506;507;Right-Accumbens-area;Right-Hippocampus;39;40;Right-Accumbens-area;Right-Hippocampus;321;26.280001
144;504;rh.precentral_23;Right-Putamen;10;37;ctx-rh-precentral;Right-Putamen;376;31.123640
144;159;rh.precentral_23;rh.precentral_7;10;10;ctx-rh-precentral;ctx-rh-precentral;258;30.661907
144;505;rh.precentral_23;Right-Pallidum;10;38;ctx-rh-precentral;Right-Pallidum;270;40.936085
144;503;rh.precentral_23;Right-Caudate;10;36;ctx-rh-precentral;Right-Caudate;285;28.133329
144;205;rh.precentral_23;rh.postcentral_24;10;16;ctx-rh-precentral;ctx-rh-postcentral;256;12.425000
965;1013;lh.superiortemporal_24;Left-Hippocampus;73;81;ctx-lh-superiortemporal;Left-Hippocampus;384;22.534314
661;1010;lh.precentral_6;Left-Putamen;51;78;ctx-lh-precentral;Left-Putamen;393;30.300001
661;992;lh.precentral_6;lh.insula_2;51;75;ctx-lh-precentral;ctx-lh-insula;347;17.680000
661;669;lh.precentral_6;lh.precentral_15;51;51;ctx-lh-precentral;ctx-lh-precentral;263;15.514287
661;996;lh.precentral_6;lh.insula_8;51;75;ctx-lh-precentral;ctx-lh-insula;335;20.546663
661;1008;lh.precentral_6;Left-Thalamus-Proper;51;76;ctx-lh-precentral;Left-Thalamus-Proper;263;28.815380
661;1009;lh.precentral_6;Left-Caudate;51;77;ctx-lh-precentral;Left-Caudate;298;22.999994
120;172;rh.superiorfrontal_26;rh.paracentral_3;8;11;ctx-rh-superiorfrontal;ctx-rh-paracentral;254;14.131430
254;504;rh.supramarginal_17;Right-Putamen;17;37;ctx-rh-supramarginal;Right-Putamen;333;28.750004
254;284;rh.supramarginal_17;rh.inferiorparietal_13;17;19;ctx-rh-supramarginal;ctx-rh-inferiorparietal;251;18.244449
254;502;rh.supramarginal_17;Right-Thalamus-Proper;17;35;ctx-rh-supramarginal;Right-Thalamus-Proper;262;17.999999
254;256;rh.supramarginal_17;rh.superiorparietal_24;17;18;ctx-rh-supramarginal;ctx-rh-superiorparietal;264;21.263335
254;255;rh.supramarginal_17;rh.superiorparietal_13;17;18;ctx-rh-supramarginal;ctx-rh-superiorparietal;281;20.520001
254;507;rh.supramarginal_17;Right-Hippocampus;17;40;ctx-rh-supramarginal;Right-Hippocampus;350;25.882104
496;504;rh.insula_7;Right-Putamen;34;37;ctx-rh-insula;Right-Putamen;397;14.740002
607;609;lh.superiorfrontal_22;lh.superiorfrontal_20;49;49;ctx-lh-superiorfrontal;ctx-lh-superiorfrontal;292;15.775001
607;613;lh.superiorfrontal_22;lh.superiorfrontal_7;49;49;ctx-lh-superiorfrontal;ctx-lh-superiorfrontal;309;13.711112
607;612;lh.superiorfrontal_22;lh.superiorfrontal_36;49;49;ctx-lh-superiorfrontal;ctx-lh-superiorfrontal;310;14.950006
607;616;lh.superiorfrontal_22;lh.superiorfrontal_34;49;49;ctx-lh-superiorfrontal;ctx-lh-superiorfrontal;326;16.052027
607;614;lh.superiorfrontal_22;lh.superiorfrontal_2;49;49;ctx-lh-superiorfrontal;ctx-lh-superiorfrontal;305;13.533334
644;684;lh.precentral_12;lh.paracentral_4;51;52;ctx-lh-precentral;ctx-lh-paracentral;273;13.249998
235;504;rh.supramarginal_19;Right-Putamen;17;37;ctx-rh-supramarginal;Right-Putamen;319;37.266668
235;254;rh.supramarginal_19;rh.supramarginal_17;17;17;ctx-rh-supramarginal;ctx-rh-supramarginal;275;14.222226
301;507;rh.inferiorparietal_18;Right-Hippocampus;19;40;ctx-rh-inferiorparietal;Right-Hippocampus;335;32.000004
301;490;rh.inferiorparietal_18;rh.insula_5;19;34;ctx-rh-inferiorparietal;ctx-rh-insula;270;28.400004
694;1009;lh.caudalanteriorcingulate_4;Left-Caudate;54;77;ctx-lh-caudalanteriorcingulate;Left-Caudate;404;12.707880
213;504;rh.postcentral_27;Right-Putamen;16;37;ctx-rh-postcentral;Right-Putamen;275;32.900009
94;504;rh.superiorfrontal_11;Right-Putamen;8;37;ctx-rh-superiorfrontal;Right-Putamen;272;37.550590
94;503;rh.superiorfrontal_11;Right-Caudate;8;36;ctx-rh-superiorfrontal;Right-Caudate;297;24.506665
816;965;lh.inferiorparietal_20;lh.superiortemporal_24;60;73;ctx-lh-inferiorparietal;ctx-lh-superiortemporal;270;22.733335
51;504;rh.parsopercularis_2;Right-Putamen;6;37;ctx-rh-parsopercularis;Right-Putamen;401;18.057145
51;494;rh.parsopercularis_2;rh.insula_10;6;34;ctx-rh-parsopercularis;ctx-rh-insula;309;12.600007
51;503;rh.parsopercularis_2;Right-Caudate;6;36;ctx-rh-parsopercularis;Right-Caudate;323;18.500004
568;578;lh.rostralmiddlefrontal_18;lh.rostralmiddlefrontal_7;48;48;ctx-lh-rostralmiddlefrontal;ctx-lh-rostralmiddlefrontal;281;15.720000
568;573;lh.rostralmiddlefrontal_18;lh.rostralmiddlefrontal_23;48;48;ctx-lh-rostralmiddlefrontal;ctx-lh-rostralmiddlefrontal;253;13.000001
791;852;lh.superiorparietal_1;lh.pericalcarine_6;59;63;ctx-lh-superiorparietal;ctx-lh-pericalcarine;261;13.300005
493;504;rh.insula_11;Right-Putamen;34;37;ctx-rh-insula;Right-Putamen;368;13.058336
796;852;lh.inferiorparietal_16;lh.pericalcarine_6;60;63;ctx-lh-inferiorparietal;ctx-lh-pericalcarine;259;15.271430
796;806;lh.inferiorparietal_16;lh.inferiorparietal_18;60;60;ctx-lh-inferiorparietal;ctx-lh-inferiorparietal;258;12.910003
796;837;lh.inferiorparietal_16;lh.precuneus_15;60;61;ctx-lh-inferiorparietal;ctx-lh-precuneus;270;19.608333
534;1010;lh.medialorbitofrontal_5;Left-Putamen;45;78;ctx-lh-medialorbitofrontal;Left-Putamen;365;31.800013
534;1009;lh.medialorbitofrontal_5;Left-Caudate;45;77;ctx-lh-medialorbitofrontal;Left-Caudate;338;23.552387
633;1010;lh.caudalmiddlefrontal_5;Left-Putamen;50;78;ctx-lh-caudalmiddlefrontal;Left-Putamen;382;24.068335
633;637;lh.caudalmiddlefrontal_5;lh.caudalmiddlefrontal_4;50;50;ctx-lh-caudalmiddlefrontal;ctx-lh-caudalmiddlefrontal;314;16.664103
633;641;lh.caudalmiddlefrontal_5;lh.caudalmiddlefrontal_10;50;50;ctx-lh-caudalmiddlefrontal;ctx-lh-caudalmiddlefrontal;327;17.200002
633;1009;lh.caudalmiddlefrontal_5;Left-Caudate;50;77;ctx-lh-caudalmiddlefrontal;Left-Caudate;347;18.966663
633;661;lh.caudalmiddlefrontal_5;lh.precentral_6;50;51;ctx-lh-caudalmiddlefrontal;ctx-lh-precentral;318;16.214289
1011;1013;Left-Pallidum;Left-Hippocampus;79;81;Left-Pallidum;Left-Hippocampus;324;15.599998
1011;1012;Left-Pallidum;Left-Accumbens-area;79;80;Left-Pallidum;Left-Accumbens-area;313;13.166669
151;504;rh.precentral_9;Right-Putamen;10;37;ctx-rh-precentral;Right-Putamen;339;31.920007
700;1009;lh.posteriorcingulate_8;Left-Caudate;55;77;ctx-lh-posteriorcingulate;Left-Caudate;382;12.305559
78;504;rh.rostralmiddlefrontal_6;Right-Putamen;7;37;ctx-rh-rostralmiddlefrontal;Right-Putamen;277;47.399994
78;81;rh.rostralmiddlefrontal_6;rh.superiorfrontal_3;7;8;ctx-rh-rostralmiddlefrontal;ctx-rh-superiorfrontal;318;13.200008
413;507;rh.entorhinal_2;Right-Hippocampus;27;40;ctx-rh-entorhinal;Right-Hippocampus;274;15.800000
769;991;lh.superiorparietal_27;lh.insula_5;59;75;ctx-lh-superiorparietal;ctx-lh-insula;311;19.563640
769;1010;lh.superiorparietal_27;Left-Putamen;59;78;ctx-lh-superiorparietal;Left-Putamen;318;37.650002
275;315;rh.superiorparietal_14;rh.precuneus_10;18;20;ctx-rh-superiorparietal;ctx-rh-precuneus;282;15.716667
275;326;rh.superiorparietal_14;rh.precuneus_20;18;20;ctx-rh-superiorparietal;ctx-rh-precuneus;289;14.880000
751;758;lh.supramarginal_3;lh.supramarginal_15;58;58;ctx-lh-supramarginal;ctx-lh-supramarginal;281;12.013332
751;770;lh.supramarginal_3;lh.superiorparietal_25;58;59;ctx-lh-supramarginal;ctx-lh-superiorparietal;317;16.061539
606;616;lh.superiorfrontal_28;lh.superiorfrontal_34;49;49;ctx-lh-superiorfrontal;ctx-lh-superiorfrontal;314;13.100003
60;63;rh.rostralmiddlefrontal_18;rh.rostralmiddlefrontal_23;7;7;ctx-rh-rostralmiddlefrontal;ctx-rh-rostralmiddlefrontal;295;17.280005
60;66;rh.rostralmiddlefrontal_18;rh.rostralmiddlefrontal_14;7;7;ctx-rh-rostralmiddlefrontal;ctx-rh-rostralmiddlefrontal;275;23.753841
60;70;rh.rostralmiddlefrontal_18;rh.rostralmiddlefrontal_2;7;7;ctx-rh-rostralmiddlefrontal;ctx-rh-rostralmiddlefrontal;285;26.000002
691;1009;lh.rostralanteriorcingulate_2;Left-Caudate;53;77;ctx-lh-rostralanteriorcingulate;Left-Caudate;404;16.792877
691;1010;lh.rostralanteriorcingulate_2;Left-Putamen;53;78;ctx-lh-rostralanteriorcingulate;Left-Putamen;351;33.574997
666;676;lh.precentral_11;lh.precentral_23;51;51;ctx-lh-precentral;ctx-lh-precentral;271;14.162498
666;1010;lh.precentral_11;Left-Putamen;51;78;ctx-lh-precentral;Left-Putamen;355;27.400005
82;93;rh.superiorfrontal_14;rh.superiorfrontal_2;8;8;ctx-rh-superiorfrontal;ctx-rh-superiorfrontal;261;14.760002
82;87;rh.superiorfrontal_14;rh.superiorfrontal_19;8;8;ctx-rh-superiorfrontal;ctx-rh-superiorfrontal;367;13.799998
82;94;rh.superiorfrontal_14;rh.superiorfrontal_11;8;8;ctx-rh-superiorfrontal;ctx-rh-superiorfrontal;291;22.163638
650;1010;lh.precentral_26;Left-Putamen;51;78;ctx-lh-precentral;Left-Putamen;262;46.748488
650;685;lh.precentral_26;lh.paracentral_6;51;52;ctx-lh-precentral;ctx-lh-paracentral;299;14.600004
590;594;lh.superiorfrontal_35;lh.superiorfrontal_23;49;49;ctx-lh-superiorfrontal;ctx-lh-superiorfrontal;313;13.300011
590;602;lh.superiorfrontal_35;lh.superiorfrontal_29;49;49;ctx-lh-superiorfrontal;ctx-lh-superiorfrontal;298;18.339997
112;127;rh.superiorfrontal_41;rh.caudalmiddlefrontal_11;8;9;ctx-rh-superiorfrontal;ctx-rh-caudalmiddlefrontal;258;24.730956
545;546;lh.parstriangularis_6;lh.parstriangularis_2;46;46;ctx-lh-parstriangularis;ctx-lh-parstriangularis;280;13.053332
545;580;lh.parstriangularis_6;lh.rostralmiddlefrontal_3;46;48;ctx-lh-parstriangularis;ctx-lh-rostralmiddlefrontal;306;31.384994
545;578;lh.parstriangularis_6;lh.rostralmiddlefrontal_7;46;48;ctx-lh-parstriangularis;ctx-lh-rostralmiddlefrontal;340;23.751902
545;573;lh.parstriangularis_6;lh.rostralmiddlefrontal_23;46;48;ctx-lh-parstriangularis;ctx-lh-rostralmiddlefrontal;319;21.684004
191;503;rh.posteriorcingulate_1;Right-Caudate;14;36;ctx-rh-posteriorcingulate;Right-Caudate;400;11.836667
187;503;rh.caudalanteriorcingulate_2;Right-Caudate;13;36;ctx-rh-caudalanteriorcingulate;Right-Caudate;344;12.103336
1006;1010;lh.insula_3;Left-Putamen;75;78;ctx-lh-insula;Left-Putamen;382;14.926666
996;1010;lh.insula_8;Left-Putamen;75;78;ctx-lh-insula;Left-Putamen;337;13.799999
369;396;rh.lateraloccipital_5;rh.fusiform_17;23;25;ctx-rh-lateraloccipital;ctx-rh-fusiform;269;16.633331
369;390;rh.lateraloccipital_5;rh.fusiform_2;23;25;ctx-rh-lateraloccipital;ctx-rh-fusiform;260;14.647625
651;1011;lh.precentral_21;Left-Pallidum;51;79;ctx-lh-precentral;Left-Pallidum;266;42.169229
651;1010;lh.precentral_21;Left-Putamen;51;78;ctx-lh-precentral;Left-Putamen;393;36.226664
651;662;lh.precentral_21;lh.precentral_25;51;51;ctx-lh-precentral;ctx-lh-precentral;351;26.675003
651;1008;lh.precentral_21;Left-Thalamus-Proper;51;76;ctx-lh-precentral;Left-Thalamus-Proper;308;35.199999
651;1009;lh.precentral_21;Left-Caudate;51;77;ctx-lh-precentral;Left-Caudate;365;22.488000
651;654;lh.precentral_21;lh.precentral_16;51;51;ctx-lh-precentral;ctx-lh-precentral;292;12.758335
651;661;lh.precentral_21;lh.precentral_6;51;51;ctx-lh-precentral;ctx-lh-precentral;365;21.828567
651;687;lh.precentral_21;lh.paracentral_11;51;52;ctx-lh-precentral;ctx-lh-paracentral;251;20.853335
651;703;lh.precentral_21;lh.posteriorcingulate_6;51;55;ctx-lh-precentral;ctx-lh-posteriorcingulate;255;15.300013
629;1010;lh.caudalmiddlefrontal_9;Left-Putamen;50;78;ctx-lh-caudalmiddlefrontal;Left-Putamen;301;31.850006
629;632;lh.caudalmiddlefrontal_9;lh.caudalmiddlefrontal_13;50;50;ctx-lh-caudalmiddlefrontal;ctx-lh-caudalmiddlefrontal;330;16.176665
629;631;lh.caudalmiddlefrontal_9;lh.caudalmiddlefrontal_1;50;50;ctx-lh-caudalmiddlefrontal;ctx-lh-caudalmiddlefrontal;308;13.362497
629;1009;lh.caudalmiddlefrontal_9;Left-Caudate;50;77;ctx-lh-caudalmiddlefrontal;Left-Caudate;322;21.963216
498;507;rh.insula_3;Right-Hippocampus;34;40;ctx-rh-insula;Right-Hippocampus;362;13.253573
498;508;rh.insula_3;Right-Amygdala;34;41;ctx-rh-insula;Right-Amygdala;363;12.199987
947;950;lh.middletemporal_14;lh.middletemporal_9;71;71;ctx-lh-middletemporal;ctx-lh-middletemporal;273;17.066671
256;327;rh.superiorparietal_24;rh.precuneus_4;18;20;ctx-rh-superiorparietal;ctx-rh-precuneus;270;18.007145
256;326;rh.superiorparietal_24;rh.precuneus_20;18;20;ctx-rh-superiorparietal;ctx-rh-precuneus;254;18.737144
256;269;rh.superiorparietal_24;rh.superiorparietal_22;18;18;ctx-rh-superiorparietal;ctx-rh-superiorparietal;266;16.433342
920;1014;lh.temporalpole_2;Left-Amygdala;69;82;ctx-lh-temporalpole;Left-Amygdala;264;15.574999
660;1010;lh.precentral_5;Left-Putamen;51;78;ctx-lh-precentral;Left-Putamen;254;34.216668
7;504;rh.lateralorbitofrontal_4;Right-Putamen;1;37;ctx-rh-lateralorbitofrontal;Right-Putamen;384;15.939611
99;104;rh.superiorfrontal_24;rh.superiorfrontal_21;8;8;ctx-rh-superiorfrontal;ctx-rh-superiorfrontal;320;13.921428
99;103;rh.superiorfrontal_24;rh.superiorfrontal_22;8;8;ctx-rh-superiorfrontal;ctx-rh-superiorfrontal;344;13.710002
99;111;rh.superiorfrontal_24;rh.superiorfrontal_28;8;8;ctx-rh-superiorfrontal;ctx-rh-superiorfrontal;268;14.053571
566;1004;lh.rostralmiddlefrontal_4;lh.insula_4;48;75;ctx-lh-rostralmiddlefrontal;ctx-lh-insula;254;14.600005
566;1010;lh.rostralmiddlefrontal_4;Left-Putamen;48;78;ctx-lh-rostralmiddlefrontal;Left-Putamen;283;25.800001
566;1009;lh.rostralmiddlefrontal_4;Left-Caudate;48;77;ctx-lh-rostralmiddlefrontal;Left-Caudate;310;20.442860
72;81;rh.rostralmiddlefrontal_11;rh.superiorfrontal_3;7;8;ctx-rh-rostralmiddlefrontal;ctx-rh-superiorfrontal;274;13.353256
500;508;rh.insula_12;Right-Amygdala;34;41;ctx-rh-insula;Right-Amygdala;357;16.714288
500;504;rh.insula_12;Right-Putamen;34;37;ctx-rh-insula;Right-Putamen;393;13.666667
255;504;rh.superiorparietal_13;Right-Putamen;18;37;ctx-rh-superiorparietal;Right-Putamen;348;41.040000
533;584;lh.medialorbitofrontal_4;lh.superiorfrontal_11;45;49;ctx-lh-medialorbitofrontal;ctx-lh-superiorfrontal;285;13.399993
533;583;lh.medialorbitofrontal_4;lh.rostralmiddlefrontal_1;45;48;ctx-lh-medialorbitofrontal;ctx-lh-rostralmiddlefrontal;298;12.474999
359;385;rh.lateraloccipital_3;rh.lingual_6;23;24;ctx-rh-lateraloccipital;ctx-rh-lingual;285;19.266658
359;390;rh.lateraloccipital_3;rh.fusiform_2;23;25;ctx-rh-lateraloccipital;ctx-rh-fusiform;325;14.300014
182;504;rh.rostralanteriorcingulate_4;Right-Putamen;12;37;ctx-rh-rostralanteriorcingulate;Right-Putamen;280;31.350001
182;503;rh.rostralanteriorcingulate_4;Right-Caudate;12;36;ctx-rh-rostralanteriorcingulate;Right-Caudate;410;14.155000
108;114;rh.superiorfrontal_13;rh.superiorfrontal_6;8;8;ctx-rh-superiorfrontal;ctx-rh-superiorfrontal;328;13.000002
1001;1010;lh.insula_11;Left-Putamen;75;78;ctx-lh-insula;Left-Putamen;284;15.499998
1001;1014;lh.insula_11;Left-Amygdala;75;82;ctx-lh-insula;Left-Amygdala;355;14.100006
1014;1014;Left-Amygdala;Left-Amygdala;82;82;Left-Amygdala;Left-Amygdala;260;11.633334
632;697;lh.caudalmiddlefrontal_13;lh.caudalanteriorcingulate_3;50;54;ctx-lh-caudalmiddlefrontal;ctx-lh-caudalanteriorcingulate;266;22.437500
632;1010;lh.caudalmiddlefrontal_13;Left-Putamen;50;78;ctx-lh-caudalmiddlefrontal;Left-Putamen;413;18.320007
632;637;lh.caudalmiddlefrontal_13;lh.caudalmiddlefrontal_4;50;50;ctx-lh-caudalmiddlefrontal;ctx-lh-caudalmiddlefrontal;336;18.759260
632;1009;lh.caudalmiddlefrontal_13;Left-Caudate;50;77;ctx-lh-caudalmiddlefrontal;Left-Caudate;405;17.040906
991;1010;lh.insula_5;Left-Putamen;75;78;ctx-lh-insula;Left-Putamen;382;20.508339
991;1008;lh.insula_5;Left-Thalamus-Proper;75;76;ctx-lh-insula;Left-Thalamus-Proper;316;15.116666
692;1010;lh.rostralanteriorcingulate_5;Left-Putamen;53;78;ctx-lh-rostralanteriorcingulate;Left-Putamen;293;33.047058
692;1009;lh.rostralanteriorcingulate_5;Left-Caudate;53;77;ctx-lh-rostralanteriorcingulate;Left-Caudate;323;20.000004
610;616;lh.superiorfrontal_37;lh.superiorfrontal_34;49;49;ctx-lh-superiorfrontal;ctx-lh-superiorfrontal;267;11.799999
514;1010;lh.lateralorbitofrontal_2;Left-Putamen;42;78;ctx-lh-lateralorbitofrontal;Left-Putamen;395;17.763637
513;1010;lh.lateralorbitofrontal_13;Left-Putamen;42;78;ctx-lh-lateralorbitofrontal;Left-Putamen;362;27.916663
513;1009;lh.lateralorbitofrontal_13;Left-Caudate;42;77;ctx-lh-lateralorbitofrontal;Left-Caudate;287;22.650002
50;504;rh.parsopercularis_6;Right-Putamen;6;37;ctx-rh-parsopercularis;Right-Putamen;324;21.321215
50;503;rh.parsopercularis_6;Right-Caudate;6;36;ctx-rh-parsopercularis;Right-Caudate;315;19.500000
645;684;lh.precentral_17;lh.paracentral_4;51;52;ctx-lh-precentral;ctx-lh-paracentral;302;15.233331
128;504;rh.caudalmiddlefrontal_10;Right-Putamen;9;37;ctx-rh-caudalmiddlefrontal;Right-Putamen;372;27.144929
128;131;rh.caudalmiddlefrontal_10;rh.caudalmiddlefrontal_6;9;9;ctx-rh-caudalmiddlefrontal;ctx-rh-caudalmiddlefrontal;357;13.399994
128;503;rh.caudalmiddlefrontal_10;Right-Caudate;9;36;ctx-rh-caudalmiddlefrontal;Right-Caudate;307;19.999994
1005;1010;lh.insula_7;Left-Putamen;75;78;ctx-lh-insula;Left-Putamen;388;13.499998
28;504;rh.medialorbitofrontal_10;Right-Putamen;4;37;ctx-rh-medialorbitofrontal;Right-Putamen;380;29.092849
28;78;rh.medialorbitofrontal_10;rh.rostralmiddlefrontal_6;4;7;ctx-rh-medialorbitofrontal;ctx-rh-rostralmiddlefrontal;310;14.546663
28;73;rh.medialorbitofrontal_10;rh.rostralmiddlefrontal_3;4;7;ctx-rh-medialorbitofrontal;ctx-rh-rostralmiddlefrontal;274;13.199999
28;77;rh.medialorbitofrontal_10;rh.rostralmiddlefrontal_1;4;7;ctx-rh-medialorbitofrontal;ctx-rh-rostralmiddlefrontal;315;13.942857
28;503;rh.medialorbitofrontal_10;Right-Caudate;4;36;ctx-rh-medialorbitofrontal;Right-Caudate;317;19.666668
589;594;lh.superiorfrontal_10;lh.superiorfrontal_23;49;49;ctx-lh-superiorfrontal;ctx-lh-superiorfrontal;270;12.200007
192;504;rh.posteriorcingulate_7;Right-Putamen;14;37;ctx-rh-posteriorcingulate;Right-Putamen;325;32.399998
192;503;rh.posteriorcingulate_7;Right-Caudate;14;36;ctx-rh-posteriorcingulate;Right-Caudate;343;13.600000
303;507;rh.inferiorparietal_20;Right-Hippocampus;19;40;ctx-rh-inferiorparietal;Right-Hippocampus;369;34.200007
303;490;rh.inferiorparietal_20;rh.insula_5;19;34;ctx-rh-inferiorparietal;ctx-rh-insula;325;33.275004
614;1010;lh.superiorfrontal_2;Left-Putamen;49;78;ctx-lh-superiorfrontal;Left-Putamen;258;36.605262
614;632;lh.superiorfrontal_2;lh.caudalmiddlefrontal_13;49;50;ctx-lh-superiorfrontal;ctx-lh-caudalmiddlefrontal;296;24.149262
614;1009;lh.superiorfrontal_2;Left-Caudate;49;77;ctx-lh-superiorfrontal;Left-Caudate;316;24.800004
699;1009;lh.posteriorcingulate_4;Left-Caudate;55;77;ctx-lh-posteriorcingulate;Left-Caudate;358;13.600002
699;1010;lh.posteriorcingulate_4;Left-Putamen;55;78;ctx-lh-posteriorcingulate;Left-Putamen;316;28.399999
501;508;rh.insula_9;Right-Amygdala;34;41;ctx-rh-insula;Right-Amygdala;254;20.917142
501;504;rh.insula_9;Right-Putamen;34;37;ctx-rh-insula;Right-Putamen;409;15.444444
490;502;rh.insula_5;Right-Thalamus-Proper;34;35;ctx-rh-insula;Right-Thalamus-Proper;368;14.116666
490;507;rh.insula_5;Right-Hippocampus;34;40;ctx-rh-insula;Right-Hippocampus;386;17.131538
490;504;rh.insula_5;Right-Putamen;34;37;ctx-rh-insula;Right-Putamen;325;14.150000
155;504;rh.precentral_15;Right-Putamen;10;37;ctx-rh-precentral;Right-Putamen;388;41.139886
155;502;rh.precentral_15;Right-Thalamus-Proper;10;35;ctx-rh-precentral;Right-Thalamus-Proper;278;34.870001
155;159;rh.precentral_15;rh.precentral_7;10;10;ctx-rh-precentral;ctx-rh-precentral;329;13.966665
155;503;rh.precentral_15;Right-Caudate;10;36;ctx-rh-precentral;Right-Caudate;292;24.725005
53;57;rh.rostralmiddlefrontal_21;rh.rostralmiddlefrontal_10;7;7;ctx-rh-rostralmiddlefrontal;ctx-rh-rostralmiddlefrontal;276;18.766672
53;504;rh.rostralmiddlefrontal_21;Right-Putamen;7;37;ctx-rh-rostralmiddlefrontal;Right-Putamen;256;26.083328
757;991;lh.supramarginal_16;lh.insula_5;58;75;ctx-lh-supramarginal;ctx-lh-insula;258;17.475962
809;816;lh.inferiorparietal_12;lh.inferiorparietal_20;60;60;ctx-lh-inferiorparietal;ctx-lh-inferiorparietal;255;13.700012
591;601;lh.superiorfrontal_42;lh.superiorfrontal_21;49;49;ctx-lh-superiorfrontal;ctx-lh-superiorfrontal;352;13.562502
591;594;lh.superiorfrontal_42;lh.superiorfrontal_23;49;49;ctx-lh-superiorfrontal;ctx-lh-superiorfrontal;262;14.583332
591;602;lh.superiorfrontal_42;lh.superiorfrontal_29;49;49;ctx-lh-superiorfrontal;ctx-lh-superiorfrontal;334;13.352382
591;607;lh.superiorfrontal_42;lh.superiorfrontal_22;49;49;ctx-lh-superiorfrontal;ctx-lh-superiorfrontal;283;22.700001
591;603;lh.superiorfrontal_42;lh.superiorfrontal_44;49;49;ctx-lh-superiorfrontal;ctx-lh-superiorfrontal;285;18.200008
539;1009;lh.medialorbitofrontal_1;Left-Caudate;45;77;ctx-lh-medialorbitofrontal;Left-Caudate;256;13.137500
781;825;lh.superiorparietal_18;lh.precuneus_4;59;61;ctx-lh-superiorparietal;ctx-lh-precuneus;286;14.400012
603;695;lh.superiorfrontal_44;lh.caudalanteriorcingulate_1;49;54;ctx-lh-superiorfrontal;ctx-lh-caudalanteriorcingulate;278;13.799999
603;1010;lh.superiorfrontal_44;Left-Putamen;49;78;ctx-lh-superiorfrontal;Left-Putamen;305;34.033330
603;632;lh.superiorfrontal_44;lh.caudalmiddlefrontal_13;49;50;ctx-lh-superiorfrontal;ctx-lh-caudalmiddlefrontal;298;23.892857
603;1009;lh.superiorfrontal_44;Left-Caudate;49;77;ctx-lh-superiorfrontal;Left-Caudate;365;22.300003
90;95;rh.superiorfrontal_27;rh.superiorfrontal_37;8;8;ctx-rh-superiorfrontal;ctx-rh-superiorfrontal;270;14.425002
90;93;rh.superiorfrontal_27;rh.superiorfrontal_2;8;8;ctx-rh-superiorfrontal;ctx-rh-superiorfrontal;371;13.500018
90;103;rh.superiorfrontal_27;rh.superiorfrontal_22;8;8;ctx-rh-superiorfrontal;ctx-rh-superiorfrontal;286;19.999987
90;94;rh.superiorfrontal_27;rh.superiorfrontal_11;8;8;ctx-rh-superiorfrontal;ctx-rh-superiorfrontal;332;13.516668
1004;1010;lh.insula_4;Left-Putamen;75;78;ctx-lh-insula;Left-Putamen;376;14.416667
16;504;rh.lateralorbitofrontal_14;Right-Putamen;1;37;ctx-rh-lateralorbitofrontal;Right-Putamen;397;36.100003
16;503;rh.lateralorbitofrontal_14;Right-Caudate;1;36;ctx-rh-lateralorbitofrontal;Right-Caudate;268;30.450014
16;28;rh.lateralorbitofrontal_14;rh.medialorbitofrontal_10;1;4;ctx-rh-lateralorbitofrontal;ctx-rh-medialorbitofrontal;274;12.600004
1013;1013;Left-Hippocampus;Left-Hippocampus;81;81;Left-Hippocampus;Left-Hippocampus;418;16.441667
1013;1014;Left-Hippocampus;Left-Amygdala;81;82;Left-Hippocampus;Left-Amygdala;367;17.974998
1013;1015;Left-Hippocampus;Brain-Stem;81;83;Left-Hippocampus;Brain-Stem;258;12.900002
57;504;rh.rostralmiddlefrontal_10;Right-Putamen;7;37;ctx-rh-rostralmiddlefrontal;Right-Putamen;267;35.600006
57;503;rh.rostralmiddlefrontal_10;Right-Caudate;7;36;ctx-rh-rostralmiddlefrontal;Right-Caudate;263;22.745458
316;326;rh.precuneus_16;rh.precuneus_20;20;20;ctx-rh-precuneus;ctx-rh-precuneus;266;12.951428
994;1013;lh.insula_12;Left-Hippocampus;75;81;ctx-lh-insula;Left-Hippocampus;400;15.509091
994;1008;lh.insula_12;Left-Thalamus-Proper;75;76;ctx-lh-insula;Left-Thalamus-Proper;272;14.558335
89;93;rh.superiorfrontal_1;rh.superiorfrontal_2;8;8;ctx-rh-superiorfrontal;ctx-rh-superiorfrontal;272;12.099995
35;504;rh.parstriangularis_8;Right-Putamen;5;37;ctx-rh-parstriangularis;Right-Putamen;289;23.266668
35;73;rh.parstriangularis_8;rh.rostralmiddlefrontal_3;5;7;ctx-rh-parstriangularis;ctx-rh-rostralmiddlefrontal;335;27.719997
35;70;rh.parstriangularis_8;rh.rostralmiddlefrontal_2;5;7;ctx-rh-parstriangularis;ctx-rh-rostralmiddlefrontal;317;23.999998
11;504;rh.lateralorbitofrontal_13;Right-Putamen;1;37;ctx-rh-lateralorbitofrontal;Right-Putamen;349;23.200005
511;1010;lh.lateralorbitofrontal_6;Left-Putamen;42;78;ctx-lh-lateralorbitofrontal;Left-Putamen;319;19.800001
511;1009;lh.lateralorbitofrontal_6;Left-Caudate;42;77;ctx-lh-lateralorbitofrontal;Left-Caudate;265;16.200014
199;503;rh.isthmuscingulate_3;Right-Caudate;15;36;ctx-rh-isthmuscingulate;Right-Caudate;292;13.329165
689;1010;lh.rostralanteriorcingulate_4;Left-Putamen;53;78;ctx-lh-rostralanteriorcingulate;Left-Putamen;382;31.040001
689;1009;lh.rostralanteriorcingulate_4;Left-Caudate;53;77;ctx-lh-rostralanteriorcingulate;Left-Caudate;411;18.105883
73;504;rh.rostralmiddlefrontal_3;Right-Putamen;7;37;ctx-rh-rostralmiddlefrontal;Right-Putamen;395;40.893335
198;504;rh.posteriorcingulate_6;Right-Putamen;14;37;ctx-rh-posteriorcingulate;Right-Putamen;287;35.733330
198;502;rh.posteriorcingulate_6;Right-Thalamus-Proper;14;35;ctx-rh-posteriorcingulate;Right-Thalamus-Proper;256;24.800003
198;503;rh.posteriorcingulate_6;Right-Caudate;14;36;ctx-rh-posteriorcingulate;Right-Caudate;306;13.073335
489;504;rh.insula_4;Right-Putamen;34;37;ctx-rh-insula;Right-Putamen;326;13.500002
585;586;lh.superiorfrontal_32;lh.superiorfrontal_8;49;49;ctx-lh-superiorfrontal;ctx-lh-superiorfrontal;319;12.900005
585;587;lh.superiorfrontal_32;lh.superiorfrontal_14;49;49;ctx-lh-superiorfrontal;ctx-lh-superiorfrontal;310;12.840002
585;590;lh.superiorfrontal_32;lh.superiorfrontal_35;49;49;ctx-lh-superiorfrontal;ctx-lh-superiorfrontal;276;13.899996
957;1013;lh.bankssts_2;Left-Hippocampus;72;81;ctx-lh-bankssts;Left-Hippocampus;298;21.650009
202;507;rh.isthmuscingulate_4;Right-Hippocampus;15;40;ctx-rh-isthmuscingulate;Right-Hippocampus;311;15.520003
184;503;rh.caudalanteriorcingulate_1;Right-Caudate;13;36;ctx-rh-caudalanteriorcingulate;Right-Caudate;414;12.445804
184;1009;rh.caudalanteriorcingulate_1;Left-Caudate;13;77;ctx-rh-caudalanteriorcingulate;Left-Caudate;264;15.716668
131;504;rh.caudalmiddlefrontal_6;Right-Putamen;9;37;ctx-rh-caudalmiddlefrontal;Right-Putamen;335;34.033333
131;503;rh.caudalmiddlefrontal_6;Right-Caudate;9;36;ctx-rh-caudalmiddlefrontal;Right-Caudate;317;22.666667
181;503;rh.rostralanteriorcingulate_1;Right-Caudate;12;36;ctx-rh-rostralanteriorcingulate;Right-Caudate;356;17.766667
181;504;rh.rostralanteriorcingulate_1;Right-Putamen;12;37;ctx-rh-rostralanteriorcingulate;Right-Putamen;372;30.315715
502;503;Right-Thalamus-Proper;Right-Caudate;35;36;Right-Thalamus-Proper;Right-Caudate;418;14.703846
502;506;Right-Thalamus-Proper;Right-Accumbens-area;35;39;Right-Thalamus-Proper;Right-Accumbens-area;387;16.745453
502;1008;Right-Thalamus-Proper;Left-Thalamus-Proper;35;76;Right-Thalamus-Proper;Left-Thalamus-Proper;414;21.569382
502;504;Right-Thalamus-Proper;Right-Putamen;35;37;Right-Thalamus-Proper;Right-Putamen;418;17.000002
502;502;Right-Thalamus-Proper;Right-Thalamus-Proper;35;35;Right-Thalamus-Proper;Right-Thalamus-Proper;418;15.087301
502;505;Right-Thalamus-Proper;Right-Pallidum;35;38;Right-Thalamus-Proper;Right-Pallidum;409;15.199999
502;508;Right-Thalamus-Proper;Right-Amygdala;35;41;Right-Thalamus-Proper;Right-Amygdala;384;18.827272
502;1015;Right-Thalamus-Proper;Brain-Stem;35;83;Right-Thalamus-Proper;Brain-Stem;417;16.680002
502;507;Right-Thalamus-Proper;Right-Hippocampus;35;40;Right-Thalamus-Proper;Right-Hippocampus;418;15.668189
314;507;rh.precuneus_19;Right-Hippocampus;20;40;ctx-rh-precuneus;Right-Hippocampus;277;17.199995
801;805;lh.inferiorparietal_15;lh.inferiorparietal_2;60;60;ctx-lh-inferiorparietal;ctx-lh-inferiorparietal;255;13.022223
801;816;lh.inferiorparietal_15;lh.inferiorparietal_20;60;60;ctx-lh-inferiorparietal;ctx-lh-inferiorparietal;280;14.411113
971;1013;lh.superiortemporal_9;Left-Hippocampus;73;81;ctx-lh-superiortemporal;Left-Hippocampus;270;15.677502
154;504;rh.precentral_16;Right-Putamen;10;37;ctx-rh-precentral;Right-Putamen;364;38.051663
355;357;rh.lateraloccipital_15;rh.lateraloccipital_23;23;23;ctx-rh-lateraloccipital;ctx-rh-lateraloccipital;254;13.106669
159;504;rh.precentral_7;Right-Putamen;10;37;ctx-rh-precentral;Right-Putamen;413;35.242723
159;178;rh.precentral_7;rh.paracentral_7;10;11;ctx-rh-precentral;ctx-rh-paracentral;257;13.800016
159;502;rh.precentral_7;Right-Thalamus-Proper;10;35;ctx-rh-precentral;Right-Thalamus-Proper;254;33.604288
159;162;rh.precentral_7;rh.precentral_33;10;10;ctx-rh-precentral;ctx-rh-precentral;295;16.527277
159;255;rh.precentral_7;rh.superiorparietal_13;10;18;ctx-rh-precentral;ctx-rh-superiorparietal;261;26.599998
159;505;rh.precentral_7;Right-Pallidum;10;38;ctx-rh-precentral;Right-Pallidum;320;43.625017
159;258;rh.precentral_7;rh.superiorparietal_10;10;18;ctx-rh-precentral;ctx-rh-superiorparietal;267;31.266663
159;503;rh.precentral_7;Right-Caudate;10;36;ctx-rh-precentral;Right-Caudate;381;21.654545
553;1010;lh.parsopercularis_4;Left-Putamen;47;78;ctx-lh-parsopercularis;Left-Putamen;315;19.177780
704;1008;lh.posteriorcingulate_9;Left-Thalamus-Proper;55;76;ctx-lh-posteriorcingulate;Left-Thalamus-Proper;291;22.679997
1003;1010;lh.insula_15;Left-Putamen;75;78;ctx-lh-insula;Left-Putamen;319;14.733336
619;625;lh.superiorfrontal_31;lh.superiorfrontal_6;49;49;ctx-lh-superiorfrontal;ctx-lh-superiorfrontal;267;13.200003
619;627;lh.superiorfrontal_31;lh.superiorfrontal_17;49;49;ctx-lh-superiorfrontal;ctx-lh-superiorfrontal;291;14.700002
619;626;lh.superiorfrontal_31;lh.superiorfrontal_13;49;49;ctx-lh-superiorfrontal;ctx-lh-superiorfrontal;284;13.650000
270;326;rh.superiorparietal_9;rh.precuneus_20;18;20;ctx-rh-superiorparietal;ctx-rh-precuneus;297;15.923076
195;503;rh.posteriorcingulate_3;Right-Caudate;14;36;ctx-rh-posteriorcingulate;Right-Caudate;317;12.640005
698;1009;lh.posteriorcingulate_5;Left-Caudate;55;77;ctx-lh-posteriorcingulate;Left-Caudate;407;12.480002
538;1010;lh.medialorbitofrontal_7;Left-Putamen;45;78;ctx-lh-medialorbitofrontal;Left-Putamen;308;25.392305
538;1009;lh.medialorbitofrontal_7;Left-Caudate;45;77;ctx-lh-medialorbitofrontal;Left-Caudate;377;15.466670
552;1010;lh.parsopercularis_8;Left-Putamen;47;78;ctx-lh-parsopercularis;Left-Putamen;349;18.566661
552;1009;lh.parsopercularis_8;Left-Caudate;47;77;ctx-lh-parsopercularis;Left-Caudate;319;20.057138
521;1010;lh.lateralorbitofrontal_8;Left-Putamen;42;78;ctx-lh-lateralorbitofrontal;Left-Putamen;358;26.821430
521;545;lh.lateralorbitofrontal_8;lh.parstriangularis_6;42;46;ctx-lh-lateralorbitofrontal;ctx-lh-parstriangularis;372;14.300003
521;523;lh.lateralorbitofrontal_8;lh.lateralorbitofrontal_1;42;42;ctx-lh-lateralorbitofrontal;ctx-lh-lateralorbitofrontal;271;15.571426
598;604;lh.superiorfrontal_45;lh.superiorfrontal_19;49;49;ctx-lh-superiorfrontal;ctx-lh-superiorfrontal;298;12.475004
162;504;rh.precentral_33;Right-Putamen;10;37;ctx-rh-precentral;Right-Putamen;288;49.199980
162;178;rh.precentral_33;rh.paracentral_7;10;11;ctx-rh-precentral;ctx-rh-paracentral;344;13.777776
162;179;rh.precentral_33;rh.paracentral_8;10;11;ctx-rh-precentral;ctx-rh-paracentral;266;12.666667
780;827;lh.superiorparietal_11;lh.precuneus_13;59;61;ctx-lh-superiorparietal;ctx-lh-precuneus;258;16.154167
780;826;lh.superiorparietal_11;lh.precuneus_12;59;61;ctx-lh-superiorparietal;ctx-lh-precuneus;270;16.250001
647;684;lh.precentral_33;lh.paracentral_4;51;52;ctx-lh-precentral;ctx-lh-paracentral;292;13.508604
647;651;lh.precentral_33;lh.precentral_21;51;51;ctx-lh-precentral;ctx-lh-precentral;281;13.966668
647;686;lh.precentral_33;lh.paracentral_5;51;52;ctx-lh-precentral;ctx-lh-paracentral;345;12.749994
647;685;lh.precentral_33;lh.paracentral_6;51;52;ctx-lh-precentral;ctx-lh-paracentral;307;14.533333
1008;1013;Left-Thalamus-Proper;Left-Hippocampus;76;81;Left-Thalamus-Proper;Left-Hippocampus;418;15.487691
1008;1012;Left-Thalamus-Proper;Left-Accumbens-area;76;80;Left-Thalamus-Proper;Left-Accumbens-area;397;14.890911
1008;1008;Left-Thalamus-Proper;Left-Thalamus-Proper;76;76;Left-Thalamus-Proper;Left-Thalamus-Proper;418;14.596153
1008;1015;Left-Thalamus-Proper;Brain-Stem;76;83;Left-Thalamus-Proper;Brain-Stem;418;16.286222
1008;1009;Left-Thalamus-Proper;Left-Caudate;76;77;Left-Thalamus-Proper;Left-Caudate;418;15.337581
1008;1010;Left-Thalamus-Proper;Left-Putamen;76;78;Left-Thalamus-Proper;Left-Putamen;418;15.956267
1008;1011;Left-Thalamus-Proper;Left-Pallidum;76;79;Left-Thalamus-Proper;Left-Pallidum;417;14.449999
1008;1014;Left-Thalamus-Proper;Left-Amygdala;76;82;Left-Thalamus-Proper;Left-Amygdala;395;19.000004
299;308;rh.inferiorparietal_14;rh.inferiorparietal_15;19;19;ctx-rh-inferiorparietal;ctx-rh-inferiorparietal;278;12.200002
103;503;rh.superiorfrontal_22;Right-Caudate;8;36;ctx-rh-superiorfrontal;Right-Caudate;253;25.400005
922;1014;lh.temporalpole_3;Left-Amygdala;69;82;ctx-lh-temporalpole;Left-Amygdala;268;14.545834
602;1010;lh.superiorfrontal_29;Left-Putamen;49;78;ctx-lh-superiorfrontal;Left-Putamen;257;39.200015
602;1009;lh.superiorfrontal_29;Left-Caudate;49;77;ctx-lh-superiorfrontal;Left-Caudate;312;26.075804
91;95;rh.superiorfrontal_30;rh.superiorfrontal_37;8;8;ctx-rh-superiorfrontal;ctx-rh-superiorfrontal;270;11.949996
701;1009;lh.posteriorcingulate_2;Left-Caudate;55;77;ctx-lh-posteriorcingulate;Left-Caudate;342;12.816669
467;507;rh.superiortemporal_21;Right-Hippocampus;32;40;ctx-rh-superiortemporal;Right-Hippocampus;328;16.003334
867;895;lh.lateraloccipital_18;lh.fusiform_17;64;66;ctx-lh-lateraloccipital;ctx-lh-fusiform;261;15.599998
731;1010;lh.postcentral_31;Left-Putamen;57;78;ctx-lh-postcentral;Left-Putamen;319;29.799999
731;1009;lh.postcentral_31;Left-Caudate;57;77;ctx-lh-postcentral;Left-Caudate;274;22.683331
41;73;rh.parstriangularis_7;rh.rostralmiddlefrontal_3;5;7;ctx-rh-parstriangularis;ctx-rh-rostralmiddlefrontal;311;25.300000
41;70;rh.parstriangularis_7;rh.rostralmiddlefrontal_2;5;7;ctx-rh-parstriangularis;ctx-rh-rostralmiddlefrontal;276;20.558528
750;770;lh.supramarginal_2;lh.superiorparietal_25;58;59;ctx-lh-supramarginal;ctx-lh-superiorparietal;259;18.542860
688;1009;lh.rostralanteriorcingulate_1;Left-Caudate;53;77;ctx-lh-rostralanteriorcingulate;Left-Caudate;405;13.033333
657;1010;lh.precentral_4;Left-Putamen;51;78;ctx-lh-precentral;Left-Putamen;397;30.774998
657;662;lh.precentral_4;lh.precentral_25;51;51;ctx-lh-precentral;ctx-lh-precentral;335;15.400007
657;996;lh.precentral_4;lh.insula_8;51;75;ctx-lh-precentral;ctx-lh-insula;263;24.766665
657;1008;lh.precentral_4;Left-Thalamus-Proper;51;76;ctx-lh-precentral;Left-Thalamus-Proper;263;31.723076
657;1009;lh.precentral_4;Left-Caudate;51;77;ctx-lh-precentral;Left-Caudate;331;20.200012
657;661;lh.precentral_4;lh.precentral_6;51;51;ctx-lh-precentral;ctx-lh-precentral;302;13.510002
866;876;lh.lateraloccipital_3;lh.lingual_14;64;65;ctx-lh-lateraloccipital;ctx-lh-lingual;268;14.000003
866;895;lh.lateraloccipital_3;lh.fusiform_17;64;66;ctx-lh-lateraloccipital;ctx-lh-fusiform;322;13.145713
693;1009;lh.caudalanteriorcingulate_5;Left-Caudate;54;77;ctx-lh-caudalanteriorcingulate;Left-Caudate;376;14.047223
693;1010;lh.caudalanteriorcingulate_5;Left-Putamen;54;78;ctx-lh-caudalanteriorcingulate;Left-Putamen;282;29.420001
503;1008;Right-Caudate;Left-Thalamus-Proper;36;76;Right-Caudate;Left-Thalamus-Proper;293;27.745456
503;1012;Right-Caudate;Left-Accumbens-area;36;80;Right-Caudate;Left-Accumbens-area;267;15.123077
503;504;Right-Caudate;Right-Putamen;36;37;Right-Caudate;Right-Putamen;418;19.015876
503;505;Right-Caudate;Right-Pallidum;36;38;Right-Caudate;Right-Pallidum;418;18.010348
503;508;Right-Caudate;Right-Amygdala;36;41;Right-Caudate;Right-Amygdala;296;26.135001
503;507;Right-Caudate;Right-Hippocampus;36;40;Right-Caudate;Right-Hippocampus;382;28.814836
503;503;Right-Caudate;Right-Caudate;36;36;Right-Caudate;Right-Caudate;417;17.252168
503;506;Right-Caudate;Right-Accumbens-area;36;39;Right-Caudate;Right-Accumbens-area;290;14.200004
503;1009;Right-Caudate;Left-Caudate;36;77;Right-Caudate;Left-Caudate;416;22.022459
503;694;Right-Caudate;lh.caudalanteriorcingulate_4;36;54;Right-Caudate;ctx-lh-caudalanteriorcingulate;256;13.899999
770;991;lh.superiorparietal_25;lh.insula_5;59;75;ctx-lh-superiorparietal;ctx-lh-insula;329;19.299998
770;826;lh.superiorparietal_25;lh.precuneus_12;59;61;ctx-lh-superiorparietal;ctx-lh-precuneus;313;16.542855
68;73;rh.rostralmiddlefrontal_9;rh.rostralmiddlefrontal_3;7;7;ctx-rh-rostralmiddlefrontal;ctx-rh-rostralmiddlefrontal;258;14.298890
188;503;rh.caudalanteriorcingulate_3;Right-Caudate;13;36;ctx-rh-caudalanteriorcingulate;Right-Caudate;413;11.800005
315;326;rh.precuneus_10;rh.precuneus_20;20;20;ctx-rh-precuneus;ctx-rh-precuneus;259;12.600007
641;1010;lh.caudalmiddlefrontal_10;Left-Putamen;50;78;ctx-lh-caudalmiddlefrontal;Left-Putamen;367;32.679993
641;662;lh.caudalmiddlefrontal_10;lh.precentral_25;50;51;ctx-lh-caudalmiddlefrontal;ctx-lh-precentral;258;26.023334
641;1009;lh.caudalmiddlefrontal_10;Left-Caudate;50;77;ctx-lh-caudalmiddlefrontal;Left-Caudate;353;21.750005
576;578;lh.rostralmiddlefrontal_8;lh.rostralmiddlefrontal_7;48;48;ctx-lh-rostralmiddlefrontal;ctx-lh-rostralmiddlefrontal;281;13.299994
738;1010;lh.postcentral_10;Left-Putamen;57;78;ctx-lh-postcentral;Left-Putamen;265;25.348147
623;1010;lh.superiorfrontal_43;Left-Putamen;49;78;ctx-lh-superiorfrontal;Left-Putamen;275;37.400009
623;1009;lh.superiorfrontal_43;Left-Caudate;49;77;ctx-lh-superiorfrontal;Left-Caudate;293;25.700005
158;504;rh.precentral_27;Right-Putamen;10;37;ctx-rh-precentral;Right-Putamen;348;43.003572
269;327;rh.superiorparietal_22;rh.precuneus_4;18;20;ctx-rh-superiorparietal;ctx-rh-precuneus;266;17.183326
46;49;rh.parsopercularis_9;rh.parsopercularis_7;6;6;ctx-rh-parsopercularis;ctx-rh-parsopercularis;311;12.599998
46;51;rh.parsopercularis_9;rh.parsopercularis_2;6;6;ctx-rh-parsopercularis;ctx-rh-parsopercularis;258;13.136667
562;1010;lh.rostralmiddlefrontal_19;Left-Putamen;48;78;ctx-lh-rostralmiddlefrontal;Left-Putamen;316;34.448707
562;566;lh.rostralmiddlefrontal_19;lh.rostralmiddlefrontal_4;48;48;ctx-lh-rostralmiddlefrontal;ctx-lh-rostralmiddlefrontal;325;19.041667
562;567;lh.rostralmiddlefrontal_19;lh.rostralmiddlefrontal_26;48;48;ctx-lh-rostralmiddlefrontal;ctx-lh-rostralmiddlefrontal;273;15.516665
562;1009;lh.rostralmiddlefrontal_19;Left-Caudate;48;77;ctx-lh-rostralmiddlefrontal;Left-Caudate;287;23.866664
997;1010;lh.insula_14;Left-Putamen;75;78;ctx-lh-insula;Left-Putamen;320;13.299998
183;504;rh.rostralanteriorcingulate_3;Right-Putamen;12;37;ctx-rh-rostralanteriorcingulate;Right-Putamen;322;31.383334
183;503;rh.rostralanteriorcingulate_3;Right-Caudate;12;36;ctx-rh-rostralanteriorcingulate;Right-Caudate;308;17.146665
497;504;rh.insula_14;Right-Putamen;34;37;ctx-rh-insula;Right-Putamen;343;15.839996
608;609;lh.superiorfrontal_27;lh.superiorfrontal_20;49;49;ctx-lh-superiorfrontal;ctx-lh-superiorfrontal;257;15.199997
608;624;lh.superiorfrontal_27;lh.superiorfrontal_26;49;49;ctx-lh-superiorfrontal;ctx-lh-superiorfrontal;269;13.500010
608;626;lh.superiorfrontal_27;lh.superiorfrontal_13;49;49;ctx-lh-superiorfrontal;ctx-lh-superiorfrontal;262;16.180003
711;1013;lh.isthmuscingulate_5;Left-Hippocampus;56;81;ctx-lh-isthmuscingulate;Left-Hippocampus;291;16.799990
132;144;rh.precentral_12;rh.precentral_23;10;10;ctx-rh-precentral;ctx-rh-precentral;255;14.680000
836;1013;lh.precuneus_9;Left-Hippocampus;61;81;ctx-lh-precuneus;Left-Hippocampus;266;18.200002
546;578;lh.parstriangularis_2;lh.rostralmiddlefrontal_7;46;48;ctx-lh-parstriangularis;ctx-lh-rostralmiddlefrontal;260;30.962502
546;573;lh.parstriangularis_2;lh.rostralmiddlefrontal_23;46;48;ctx-lh-parstriangularis;ctx-lh-rostralmiddlefrontal;275;25.066671
546;549;lh.parstriangularis_2;lh.parsopercularis_7;46;47;ctx-lh-parstriangularis;ctx-lh-parsopercularis;322;13.327206
546;562;lh.parstriangularis_2;lh.rostralmiddlefrontal_19;46;48;ctx-lh-parstriangularis;ctx-lh-rostralmiddlefrontal;255;19.700010
522;1010;lh.lateralorbitofrontal_5;Left-Putamen;42;78;ctx-lh-lateralorbitofrontal;Left-Putamen;279;34.326313
522;545;lh.lateralorbitofrontal_5;lh.parstriangularis_6;42;46;ctx-lh-lateralorbitofrontal;ctx-lh-parstriangularis;308;20.670003
522;576;lh.lateralorbitofrontal_5;lh.rostralmiddlefrontal_8;42;48;ctx-lh-lateralorbitofrontal;ctx-lh-rostralmiddlefrontal;260;13.999995
587;590;lh.superiorfrontal_14;lh.superiorfrontal_35;49;49;ctx-lh-superiorfrontal;ctx-lh-superiorfrontal;283;14.000007
609;622;lh.superiorfrontal_20;lh.superiorfrontal_15;49;49;ctx-lh-superiorfrontal;ctx-lh-superiorfrontal;295;15.200000
609;615;lh.superiorfrontal_20;lh.superiorfrontal_18;49;49;ctx-lh-superiorfrontal;ctx-lh-superiorfrontal;340;13.599996
609;616;lh.superiorfrontal_20;lh.superiorfrontal_34;49;49;ctx-lh-superiorfrontal;ctx-lh-superiorfrontal;265;14.360004
609;623;lh.superiorfrontal_20;lh.superiorfrontal_43;49;49;ctx-lh-superiorfrontal;ctx-lh-superiorfrontal;259;12.999999
1007;1010;lh.insula_17;Left-Putamen;75;78;ctx-lh-insula;Left-Putamen;386;13.624445
1007;1014;lh.insula_17;Left-Amygdala;75;82;ctx-lh-insula;Left-Amygdala;351;16.028569
190;503;rh.posteriorcingulate_8;Right-Caudate;14;36;ctx-rh-posteriorcingulate;Right-Caudate;317;12.914287
95;98;rh.superiorfrontal_37;rh.superiorfrontal_25;8;8;ctx-rh-superiorfrontal;ctx-rh-superiorfrontal;328;13.708336
923;1014;lh.inferiortemporal_15;Left-Amygdala;70;82;ctx-lh-inferiortemporal;Left-Amygdala;283;14.733331
313;507;rh.precuneus_6;Right-Hippocampus;20;40;ctx-rh-precuneus;Right-Hippocampus;303;16.150000
779;826;lh.superiorparietal_16;lh.precuneus_12;59;61;ctx-lh-superiorparietal;ctx-lh-precuneus;294;16.281332
504;505;Right-Putamen;Right-Pallidum;37;38;Right-Putamen;Right-Pallidum;416;14.270836
504;508;Right-Putamen;Right-Amygdala;37;41;Right-Putamen;Right-Amygdala;385;13.999999
504;507;Right-Putamen;Right-Hippocampus;37;40;Right-Putamen;Right-Hippocampus;372;20.896968
504;504;Right-Putamen;Right-Putamen;37;37;Right-Putamen;Right-Putamen;417;15.369233
697;1010;lh.caudalanteriorcingulate_3;Left-Putamen;54;78;ctx-lh-caudalanteriorcingulate;Left-Putamen;303;26.599995
697;1009;lh.caudalanteriorcingulate_3;Left-Caudate;54;77;ctx-lh-caudalanteriorcingulate;Left-Caudate;411;12.900000
697;703;lh.caudalanteriorcingulate_3;lh.posteriorcingulate_6;54;55;ctx-lh-caudalanteriorcingulate;ctx-lh-posteriorcingulate;308;24.799999
1010;1013;Left-Putamen;Left-Hippocampus;78;81;Left-Putamen;Left-Hippocampus;412;16.960000
1010;1011;Left-Putamen;Left-Pallidum;78;79;Left-Putamen;Left-Pallidum;388;14.866668
1010;1010;Left-Putamen;Left-Putamen;78;78;Left-Putamen;Left-Putamen;418;14.962951
1010;1014;Left-Putamen;Left-Amygdala;78;82;Left-Putamen;Left-Amygdala;417;14.700004
1010;1012;Left-Putamen;Left-Accumbens-area;78;80;Left-Putamen;Left-Accumbens-area;271;14.800001
707;1009;lh.isthmuscingulate_4;Left-Caudate;56;77;ctx-lh-isthmuscingulate;Left-Caudate;275;14.200006
203;507;rh.isthmuscingulate_5;Right-Hippocampus;15;40;ctx-rh-isthmuscingulate;Right-Hippocampus;355;13.413338
81;504;rh.superiorfrontal_3;Right-Putamen;8;37;ctx-rh-superiorfrontal;Right-Putamen;255;36.560004
204;507;rh.isthmuscingulate_6;Right-Hippocampus;15;40;ctx-rh-isthmuscingulate;Right-Hippocampus;264;12.357780
165;172;rh.precentral_29;rh.paracentral_3;10;11;ctx-rh-precentral;ctx-rh-paracentral;342;12.756816
165;178;rh.precentral_29;rh.paracentral_7;10;11;ctx-rh-precentral;ctx-rh-paracentral;322;14.407691
771;826;lh.superiorparietal_13;lh.precuneus_12;59;61;ctx-lh-superiorparietal;ctx-lh-precuneus;296;15.449997
808;1013;lh.inferiorparietal_21;Left-Hippocampus;60;81;ctx-lh-inferiorparietal;Left-Hippocampus;334;32.563336
808;994;lh.inferiorparietal_21;lh.insula_12;60;75;ctx-lh-inferiorparietal;ctx-lh-insula;265;32.978946
186;503;rh.caudalanteriorcingulate_4;Right-Caudate;13;36;ctx-rh-caudalanteriorcingulate;Right-Caudate;346;12.358088
147;151;rh.precentral_26;rh.precentral_9;10;10;ctx-rh-precentral;ctx-rh-precentral;263;14.000005
147;504;rh.precentral_26;Right-Putamen;10;37;ctx-rh-precentral;Right-Putamen;275;37.436363
147;159;rh.precentral_26;rh.precentral_7;10;10;ctx-rh-precentral;ctx-rh-precentral;334;26.349990
228;504;rh.postcentral_21;Right-Putamen;16;37;ctx-rh-postcentral;Right-Putamen;256;47.151013
596;601;lh.superiorfrontal_1;lh.superiorfrontal_21;49;49;ctx-lh-superiorfrontal;ctx-lh-superiorfrontal;259;11.714281
223;504;rh.postcentral_29;Right-Putamen;16;37;ctx-rh-postcentral;Right-Putamen;329;41.299995
516;1010;lh.lateralorbitofrontal_7;Left-Putamen;42;78;ctx-lh-lateralorbitofrontal;Left-Putamen;307;14.400000
282;344;rh.superiorparietal_3;rh.pericalcarine_7;18;22;ctx-rh-superiorparietal;ctx-rh-pericalcarine;260;13.084446
669;1010;lh.precentral_15;Left-Putamen;51;78;ctx-lh-precentral;Left-Putamen;401;18.927274
669;1009;lh.precentral_15;Left-Caudate;51;77;ctx-lh-precentral;Left-Caudate;302;20.885001
121;127;rh.caudalmiddlefrontal_8;rh.caudalmiddlefrontal_11;9;9;ctx-rh-caudalmiddlefrontal;ctx-rh-caudalmiddlefrontal;271;18.355552
121;504;rh.caudalmiddlefrontal_8;Right-Putamen;9;37;ctx-rh-caudalmiddlefrontal;Right-Putamen;293;34.723074
344;349;rh.pericalcarine_7;rh.lateraloccipital_18;22;23;ctx-rh-pericalcarine;ctx-rh-lateraloccipital;259;12.699998
487;494;rh.insula_13;rh.insula_10;34;34;ctx-rh-insula;ctx-rh-insula;286;26.633338
487;504;rh.insula_13;Right-Putamen;34;37;ctx-rh-insula;Right-Putamen;406;17.992855
494;504;rh.insula_10;Right-Putamen;34;37;ctx-rh-insula;Right-Putamen;370;14.614290
253;504;rh.supramarginal_5;Right-Putamen;17;37;ctx-rh-supramarginal;Right-Putamen;264;30.300004
561;566;lh.rostralmiddlefrontal_9;lh.rostralmiddlefrontal_4;48;48;ctx-lh-rostralmiddlefrontal;ctx-lh-rostralmiddlefrontal;288;16.481485
117;119;rh.superiorfrontal_31;rh.superiorfrontal_34;8;8;ctx-rh-superiorfrontal;ctx-rh-superiorfrontal;288;14.267857
117;120;rh.superiorfrontal_31;rh.superiorfrontal_26;8;8;ctx-rh-superiorfrontal;ctx-rh-superiorfrontal;352;14.533336
852;867;lh.pericalcarine_6;lh.lateraloccipital_18;63;64;ctx-lh-pericalcarine;ctx-lh-lateraloccipital;288;15.200003
852;866;lh.pericalcarine_6;lh.lateraloccipital_3;63;64;ctx-lh-pericalcarine;ctx-lh-lateraloccipital;346;14.826040
852;895;lh.pericalcarine_6;lh.fusiform_17;63;66;ctx-lh-pericalcarine;ctx-lh-fusiform;259;15.733332
63;504;rh.rostralmiddlefrontal_23;Right-Putamen;7;37;ctx-rh-rostralmiddlefrontal;Right-Putamen;314;37.465002
63;503;rh.rostralmiddlefrontal_23;Right-Caudate;7;36;ctx-rh-rostralmiddlefrontal;Right-Caudate;256;24.614295
455;490;rh.bankssts_1;rh.insula_5;31;34;ctx-rh-bankssts;ctx-rh-insula;271;19.799990
455;467;rh.bankssts_1;rh.superiortemporal_21;31;32;ctx-rh-bankssts;ctx-rh-superiortemporal;253;19.825010
455;507;rh.bankssts_1;Right-Hippocampus;31;40;ctx-rh-bankssts;Right-Hippocampus;369;23.400002
179;258;rh.paracentral_8;rh.superiorparietal_10;11;18;ctx-rh-paracentral;ctx-rh-superiorparietal;330;14.100005
179;229;rh.paracentral_8;rh.postcentral_8;11;16;ctx-rh-paracentral;ctx-rh-postcentral;270;15.599988
696;1009;lh.caudalanteriorcingulate_2;Left-Caudate;54;77;ctx-lh-caudalanteriorcingulate;Left-Caudate;409;12.350000
713;836;lh.isthmuscingulate_3;lh.precuneus_9;56;61;ctx-lh-isthmuscingulate;ctx-lh-precuneus;265;15.400002
713;1013;lh.isthmuscingulate_3;Left-Hippocampus;56;81;ctx-lh-isthmuscingulate;Left-Hippocampus;313;12.533335
676;738;lh.precentral_23;lh.postcentral_10;51;57;ctx-lh-precentral;ctx-lh-postcentral;317;13.499990
505;505;Right-Pallidum;Right-Pallidum;38;38;Right-Pallidum;Right-Pallidum;362;13.168888
505;506;Right-Pallidum;Right-Accumbens-area;38;39;Right-Pallidum;Right-Accumbens-area;317;12.600002
505;507;Right-Pallidum;Right-Hippocampus;38;40;Right-Pallidum;Right-Hippocampus;397;19.087500
505;508;Right-Pallidum;Right-Amygdala;38;41;Right-Pallidum;Right-Amygdala;350;15.199997
592;601;lh.superiorfrontal_24;lh.superiorfrontal_21;49;49;ctx-lh-superiorfrontal;ctx-lh-superiorfrontal;292;12.800003
304;359;rh.inferiorparietal_22;rh.lateraloccipital_3;19;23;ctx-rh-inferiorparietal;ctx-rh-lateraloccipital;284;15.736664
712;1013;lh.isthmuscingulate_2;Left-Hippocampus;56;81;ctx-lh-isthmuscingulate;Left-Hippocampus;387;13.866665
712;1008;lh.isthmuscingulate_2;Left-Thalamus-Proper;56;76;ctx-lh-isthmuscingulate;Left-Thalamus-Proper;261;17.000000
499;507;rh.insula_2;Right-Hippocampus;34;40;ctx-rh-insula;Right-Hippocampus;265;16.599997
499;508;rh.insula_2;Right-Amygdala;34;41;ctx-rh-insula;Right-Amygdala;381;13.400006
499;504;rh.insula_2;Right-Putamen;34;37;ctx-rh-insula;Right-Putamen;326;15.199996
66;504;rh.rostralmiddlefrontal_14;Right-Putamen;7;37;ctx-rh-rostralmiddlefrontal;Right-Putamen;329;41.333323
70;504;rh.rostralmiddlefrontal_2;Right-Putamen;7;37;ctx-rh-rostralmiddlefrontal;Right-Putamen;361;40.200005
1009;1013;Left-Caudate;Left-Hippocampus;77;81;Left-Caudate;Left-Hippocampus;343;26.199997
1009;1011;Left-Caudate;Left-Pallidum;77;79;Left-Caudate;Left-Pallidum;418;16.476736
1009;1010;Left-Caudate;Left-Putamen;77;78;Left-Caudate;Left-Putamen;418;18.775046
1009;1009;Left-Caudate;Left-Caudate;77;77;Left-Caudate;Left-Caudate;418;17.097222
1009;1012;Left-Caudate;Left-Accumbens-area;77;80;Left-Caudate;Left-Accumbens-area;262;14.200012
141;504;rh.precentral_20;Right-Putamen;10;37;ctx-rh-precentral;Right-Putamen;368;21.483336
141;503;rh.precentral_20;Right-Caudate;10;36;ctx-rh-precentral;Right-Caudate;251;21.800003
141;146;rh.precentral_20;rh.precentral_22;10;10;ctx-rh-precentral;ctx-rh-precentral;258;14.189993
909;1013;lh.fusiform_13;Left-Hippocampus;66;81;ctx-lh-fusiform;Left-Hippocampus;253;19.350000
654;1010;lh.precentral_16;Left-Putamen;51;78;ctx-lh-precentral;Left-Putamen;382;38.400004
654;1008;lh.precentral_16;Left-Thalamus-Proper;51;76;ctx-lh-precentral;Left-Thalamus-Proper;337;33.357145
654;1009;lh.precentral_16;Left-Caudate;51;77;ctx-lh-precentral;Left-Caudate;291;23.999996
654;661;lh.precentral_16;lh.precentral_6;51;51;ctx-lh-precentral;ctx-lh-precentral;265;16.866667
848;860;lh.pericalcarine_4;lh.lateraloccipital_11;63;64;ctx-lh-pericalcarine;ctx-lh-lateraloccipital;254;12.892862
655;1010;lh.precentral_35;Left-Putamen;51;78;ctx-lh-precentral;Left-Putamen;295;36.399986
271;326;rh.superiorparietal_5;rh.precuneus_20;18;20;ctx-rh-superiorparietal;ctx-rh-precuneus;265;16.018182
703;1008;lh.posteriorcingulate_6;Left-Thalamus-Proper;55;76;ctx-lh-posteriorcingulate;Left-Thalamus-Proper;359;22.800000
703;1010;lh.posteriorcingulate_6;Left-Putamen;55;78;ctx-lh-posteriorcingulate;Left-Putamen;325;29.499996
703;1009;lh.posteriorcingulate_6;Left-Caudate;55;77;ctx-lh-posteriorcingulate;Left-Caudate;385;14.160001
491;507;rh.insula_15;Right-Hippocampus;34;40;ctx-rh-insula;Right-Hippocampus;317;13.520001
13;35;rh.lateralorbitofrontal_1;rh.parstriangularis_8;1;5;ctx-rh-lateralorbitofrontal;ctx-rh-parstriangularis;277;15.800004
473;507;rh.superiortemporal_11;Right-Hippocampus;32;40;ctx-rh-superiortemporal;Right-Hippocampus;340;14.083329
185;503;rh.caudalanteriorcingulate_6;Right-Caudate;13;36;ctx-rh-caudalanteriorcingulate;Right-Caudate;273;14.133336
3;504;rh.lateralorbitofrontal_5;Right-Putamen;1;37;ctx-rh-lateralorbitofrontal;Right-Putamen;356;14.200006
597;601;lh.superiorfrontal_38;lh.superiorfrontal_21;49;49;ctx-lh-superiorfrontal;ctx-lh-superiorfrontal;291;15.000011
597;604;lh.superiorfrontal_38;lh.superiorfrontal_19;49;49;ctx-lh-superiorfrontal;ctx-lh-superiorfrontal;280;14.609092
597;602;lh.superiorfrontal_38;lh.superiorfrontal_29;49;49;ctx-lh-superiorfrontal;ctx-lh-superiorfrontal;312;12.919909
597;607;lh.superiorfrontal_38;lh.superiorfrontal_22;49;49;ctx-lh-superiorfrontal;ctx-lh-superiorfrontal;303;15.599998
597;603;lh.superiorfrontal_38;lh.superiorfrontal_44;49;49;ctx-lh-superiorfrontal;ctx-lh-superiorfrontal;280;12.922730
111;127;rh.superiorfrontal_28;rh.caudalmiddlefrontal_11;8;9;ctx-rh-superiorfrontal;ctx-rh-caudalmiddlefrontal;359;24.799992
111;504;rh.superiorfrontal_28;Right-Putamen;8;37;ctx-rh-superiorfrontal;Right-Putamen;264;38.362501
111;503;rh.superiorfrontal_28;Right-Caudate;8;36;ctx-rh-superiorfrontal;Right-Caudate;291;25.555559
146;504;rh.precentral_22;Right-Putamen;10;37;ctx-rh-precentral;Right-Putamen;325;33.000015
146;159;rh.precentral_22;rh.precentral_7;10;10;ctx-rh-precentral;ctx-rh-precentral;379;21.399994
4;16;rh.lateralorbitofrontal_6;rh.lateralorbitofrontal_14;1;1;ctx-rh-lateralorbitofrontal;ctx-rh-lateralorbitofrontal;259;26.650005
4;504;rh.lateralorbitofrontal_6;Right-Putamen;1;37;ctx-rh-lateralorbitofrontal;Right-Putamen;398;18.645002
4;73;rh.lateralorbitofrontal_6;rh.rostralmiddlefrontal_3;1;7;ctx-rh-lateralorbitofrontal;ctx-rh-rostralmiddlefrontal;316;27.606461
4;13;rh.lateralorbitofrontal_6;rh.lateralorbitofrontal_1;1;1;ctx-rh-lateralorbitofrontal;ctx-rh-lateralorbitofrontal;262;15.966668
164;178;rh.precentral_13;rh.paracentral_7;10;11;ctx-rh-precentral;ctx-rh-paracentral;260;20.433346
196;503;rh.posteriorcingulate_9;Right-Caudate;14;36;ctx-rh-posteriorcingulate;Right-Caudate;325;13.400000
